INSERT INTO Student (id, name, birthday, `group`) VALUES (1, 'John', '2000-01-01', 1), (2, 'Chris', '2000-01-02', 1), (3, 'Carl', '2000-01-03', 1), (4, 'Oliver', '2000-01-04', 2), (5, 'James', '2000-01-05', 2), (6, 'Lucas', '2000-01-06', 2), (7, 'Henry', '2000-01-07', 2), (8, 'Jacob', '2000-01-08', 3), (9, 'Logan', '2000-01-09', 3), (10, 'Sophia', '2000-01-10', 4), (11, 'Emma', '2000-01-11', 4), (12, 'Olivia', '2000-01-12', 5), (13, 'Liam', '2000-01-13', 5); INSERT INTO Subject (id, name, description, grade) VALUES (1, 'Art', 'Art subject', 1), (2, 'Music', 'Music subject', 1), (3, 'Geography', 'Geography subject', 2), (4, 'History', 'History subject', 2), (5, 'PE', 'Physical Education', 3), (6, 'Math', 'Mathematics', 3), (7, 'Science', 'Science subject', 4), (8, 'IT', 'Information Technology', 4), (9, 'Philosophy', 'Philosophy subject', 5), (10, 'Economics', 'Economics subject', 5); INSERT INTO PaymentType (id, name) VALUES (1, 'DAILY'), (2, 'WEEKLY'), (3, 'MONTHLY'); INSERT INTO Payment (id, type_id, amount, student_id, payment_date) VALUES (1, 2, 50.00, 1, '2024-06-01 10:00:00'), (2, 3, 100.00, 4, '2024-06-02 11:00:00'), (3, 2, 50.00, 7, '2024-06-03 12:00:00'), (4, 1, 20.00, 5, '2024-06-04 13:00:00'), (5, 3, 75.00, 2, '2024-06-05 14:00:00'), (6, 1, 25.00, 9, '2024-06-06 15:00:00'); INSERT INTO Mark (id, student_id, subject_id, mark) VALUES (1, 2, 1, 8), (2, 4, 4, 5), (3, 5, 3, 9), (4, 8, 6, 4), (5, 9, 5, 9), (6, 1, 2, 7), (7, 3, 1, 6), (8, 7, 4, 5), (9, 10, 7, 8), (10, 11, 8, 9);