INSERT INTO Student (id, name, birthday, groupnumber) VALUES (1, 'John', '2000-01-01', 1); INSERT INTO Student (id, name, birthday, groupnumber) VALUES (2, 'Chris', '2000-01-02', 1); INSERT INTO Student (id, name, birthday, groupnumber) VALUES (3, 'Carl', '2000-01-03', 1); INSERT INTO Student (id, name, birthday, groupnumber) VALUES (4, 'Oliver', '2000-01-04', 2); INSERT INTO Student (id, name, birthday, groupnumber) VALUES (5, 'James', '2000-01-05', 2); INSERT INTO Student (id, name, birthday, groupnumber) VALUES (6, 'Lucas', '2000-01-06', 2); INSERT INTO Student (id, name, birthday, groupnumber) VALUES (7, 'Henry', '2000-01-07', 2); INSERT INTO Student (id, name, birthday, groupnumber) VALUES (8, 'Jacob', '2000-01-08', 3); INSERT INTO Student (id, name, birthday, groupnumber) VALUES (9, 'Logan', '2000-01-09', 3); INSERT INTO Student (id, name, birthday, groupnumber) VALUES (10, 'Sophia', '2000-01-10', 4); INSERT INTO Student (id, name, birthday, groupnumber) VALUES (11, 'Emma', '2000-01-11', 4); INSERT INTO Student (id, name, birthday, groupnumber) VALUES (12, 'Olivia', '2000-01-12', 5); INSERT INTO Student (id, name, birthday, groupnumber) VALUES (13, 'Liam', '2000-01-13', 5); INSERT INTO Subject (id, name, description, grade) VALUES (1, 'Art', 'Art subject', 1); INSERT INTO Subject (id, name, description, grade) VALUES (2, 'Music', 'Music subject', 1); INSERT INTO Subject (id, name, description, grade) VALUES (3, 'Geography', 'Geography subject', 2); INSERT INTO Subject (id, name, description, grade) VALUES (4, 'History', 'History subject', 2); INSERT INTO Subject (id, name, description, grade) VALUES (5, 'PE', 'Physical Education', 3); INSERT INTO Subject (id, name, description, grade) VALUES (6, 'Math', 'Mathematics', 3); INSERT INTO Subject (id, name, description, grade) VALUES (7, 'Science', 'Science subject', 4); INSERT INTO Subject (id, name, description, grade) VALUES (8, 'IT', 'Information Technology', 4); INSERT INTO Subject (id, name, description, grade) VALUES (9, 'Philosophy', 'Philosophy subject', 5); INSERT INTO Subject (id, name, description, grade) VALUES (10, 'Economics', 'Economics subject', 5); INSERT INTO PaymentType (id, name) VALUES (1, 'DAILY'); INSERT INTO PaymentType (id, name) VALUES (2, 'WEEKLY'); INSERT INTO PaymentType (id, name) VALUES (3, 'MONTHLY'); INSERT INTO Payment (id, type_id, amount, student_id, payment_date) VALUES (1, 2, 50.00, 1, '2024-06-01 10:00:00'); INSERT INTO Payment (id, type_id, amount, student_id, payment_date) VALUES (2, 3, 100.00, 4, '2024-06-02 11:00:00'); INSERT INTO Payment (id, type_id, amount, student_id, payment_date) VALUES (3, 2, 50.00, 7, '2024-06-03 12:00:00'); INSERT INTO Payment (id, type_id, amount, student_id, payment_date) VALUES (4, 1, 20.00, 5, '2024-06-04 13:00:00'); INSERT INTO Payment (id, type_id, amount, student_id, payment_date) VALUES (5, 3, 75.00, 2, '2024-06-05 14:00:00'); INSERT INTO Payment (id, type_id, amount, student_id, payment_date) VALUES (6, 1, 25.00, 9, '2024-06-06 15:00:00'); INSERT INTO Mark (id, student_id, subject_id, mark) VALUES (1, 2, 1, 8); INSERT INTO Mark (id, student_id, subject_id, mark) VALUES (2, 4, 4, 5); INSERT INTO Mark (id, student_id, subject_id, mark) VALUES (3, 5, 3, 9); INSERT INTO Mark (id, student_id, subject_id, mark) VALUES (4, 8, 6, 4); INSERT INTO Mark (id, student_id, subject_id, mark) VALUES (5, 9, 5, 9); INSERT INTO Mark (id, student_id, subject_id, mark) VALUES (6, 1, 2, 7); INSERT INTO Mark (id, student_id, subject_id, mark) VALUES (7, 3, 1, 6); INSERT INTO Mark (id, student_id, subject_id, mark) VALUES (8, 7, 4, 5); INSERT INTO Mark (id, student_id, subject_id, mark) VALUES (9, 10, 7, 8); INSERT INTO Mark (id, student_id, subject_id, mark) VALUES (10, 11, 8, 9);